P_left,P_right,P_med,L_med,n,base_bin_count,bin_width,min_bin_samples,region,bin_source,sigma_local,sigma_sample_n,var_local,line,line_name,scheme,power_col_for_prediction,power_threshold_axis,power_switch_threshold,fan_threshold_b,interp_order
0.0,10.0,4.416854,2.281818999999997,22163,1,10.0,20,high,high_fit_bins,0.685972739447832,22163,0.4705585992655632,BING,丙（BING）,A,CT_eff,CT_eff,,10.0,1
10.0,20.0,14.813013,1.6995559999999976,17088,1,10.0,20,high,high_fit_bins,0.5779818707016421,17088,0.33406304285976973,BING,丙（BING）,A,CT_eff,CT_eff,,10.0,2
20.0,30.0,24.772356,1.7346910000000015,16117,1,10.0,20,high,high_fit_bins,0.6066848672735535,16117,0.36806652817872926,BING,丙（BING）,A,CT_eff,CT_eff,,10.0,3
30.0,40.0,34.9000035,1.873625999999998,13120,1,10.0,20,high,high_fit_bins,0.6804538402185788,13120,0.46301742866821116,BING,丙（BING）,A,CT_eff,CT_eff,,10.0,4
40.0,50.0,45.136692,2.013548,13141,1,10.0,20,high,high_fit_bins,0.8176152910764811,13141,0.668494764202079,BING,丙（BING）,A,CT_eff,CT_eff,,10.0,5
50.0,60.0,54.562343,2.1661814999999933,11332,1,10.0,20,high,high_fit_bins,0.9433450219268856,11332,0.8898998303942364,BING,丙（BING）,A,CT_eff,CT_eff,,10.0,6
60.0,70.0,64.70227,2.3499669999999995,9398,1,10.0,20,high,high_fit_bins,1.1240962329896191,9398,1.263592341021452,BING,丙（BING）,A,CT_eff,CT_eff,,10.0,7
70.0,80.0,74.97634,2.5650949999999995,7933,1,10.0,20,high,high_fit_bins,1.2489120937451919,7933,1.559781417902999,BING,丙（BING）,A,CT_eff,CT_eff,,10.0,8
80.0,90.0,84.880455,2.7588340000000073,7435,1,10.0,20,high,high_fit_bins,1.4022678540510685,7435,1.9663551345049886,BING,丙（BING）,A,CT_eff,CT_eff,,10.0,9
90.0,100.0,94.80722499999999,3.0357520000000093,6552,1,10.0,20,high,high_fit_bins,1.5461353492666645,6552,2.390534518251951,BING,丙（BING）,A,CT_eff,CT_eff,,10.0,10
100.0,110.0,104.90484,3.3471700000000055,6323,1,10.0,20,high,high_fit_bins,1.731345821318841,6323,2.997558352998212,BING,丙（BING）,A,CT_eff,CT_eff,,10.0,11
110.0,120.0,114.57157799999999,3.549340000000001,5782,1,10.0,20,high,high_fit_bins,1.783745783841657,5782,3.1817490213728874,BING,丙（BING）,A,CT_eff,CT_eff,,10.0,12
120.0,130.0,124.906175,3.8366730000000118,4998,1,10.0,20,high,high_fit_bins,1.9052813353524087,4998,3.630096966842258,BING,丙（BING）,A,CT_eff,CT_eff,,10.0,13
130.0,140.0,134.84695,4.126310000000018,4645,1,10.0,20,high,high_fit_bins,2.073536073246302,4645,4.299551847053694,BING,丙（BING）,A,CT_eff,CT_eff,,10.0,14
140.0,150.0,144.97672,4.497529999999983,4119,1,10.0,20,high,high_fit_bins,2.3082544770304523,4119,5.3280387307311265,BING,丙（BING）,A,CT_eff,CT_eff,,10.0,15
150.0,160.0,155.10408999999999,4.846824850000004,3850,1,10.0,20,high,high_fit_bins,2.3840336641523336,3850,5.683616511811602,BING,丙（BING）,A,CT_eff,CT_eff,,10.0,16
160.0,170.0,165.08552,5.084550149999998,3956,1,10.0,20,high,high_fit_bins,2.409517208259309,3956,5.805773176897734,BING,丙（BING）,A,CT_eff,CT_eff,,10.0,17
170.0,180.0,174.594105,5.335384999999988,3876,1,10.0,20,high,high_fit_bins,2.537749645126205,3876,6.44017326133818,BING,丙（BING）,A,CT_eff,CT_eff,,10.0,18
180.0,190.0,184.956635,5.669715000000011,3376,1,10.0,20,high,high_fit_bins,2.7077614020500373,3376,7.331971810431984,BING,丙（BING）,A,CT_eff,CT_eff,,10.0,19
190.0,200.0,195.21486,6.003590000000003,3053,1,10.0,20,high,high_fit_bins,2.7078973042953542,3053,7.332707810610047,BING,丙（BING）,A,CT_eff,CT_eff,,10.0,20
200.0,210.0,204.90857,6.418169499999891,3267,1,10.0,20,high,high_fit_bins,2.798889249588364,3267,7.833781031461316,BING,丙（BING）,A,CT_eff,CT_eff,,10.0,21
210.0,220.0,214.96214,6.827799999999968,3201,1,10.0,20,high,high_fit_bins,2.8691943075880526,3201,8.232275974695686,BING,丙（BING）,A,CT_eff,CT_eff,,10.0,22
220.0,230.0,225.094025,7.000204699999998,3302,1,10.0,20,high,high_fit_bins,2.9180817177848932,3302,8.515200911670433,BING,丙（BING）,A,CT_eff,CT_eff,,10.0,23
230.0,240.0,234.69025,7.5393800000000795,2893,1,10.0,20,high,high_fit_bins,2.9320379203603593,2893,8.5968463664311,BING,丙（BING）,A,CT_eff,CT_eff,,10.0,24
240.0,250.0,245.422965,8.139224850000033,2796,1,10.0,20,high,high_fit_bins,2.9093746963637033,2796,8.46446112384139,BING,丙（BING）,A,CT_eff,CT_eff,,10.0,25
250.0,260.0,255.50119,8.605830000000026,4521,1,10.0,20,high,high_fit_bins,2.1516232333185115,4521,4.629482538156005,BING,丙（BING）,A,CT_eff,CT_eff,,10.0,26
260.0,270.0,264.99896,9.106110000000001,4673,1,10.0,20,high,high_fit_bins,1.9951885108744254,4673,3.980777193925307,BING,丙（BING）,A,CT_eff,CT_eff,,10.0,27
270.0,280.0,274.90826500000003,9.339140000000071,3120,1,10.0,20,high,high_fit_bins,2.045859222149817,3120,4.185539956855454,BING,丙（BING）,A,CT_eff,CT_eff,,10.0,28
280.0,290.0,283.48762,9.785775000000001,3158,1,10.0,20,high,high_fit_bins,1.405599992696363,3158,1.9757113394680155,BING,丙（BING）,A,CT_eff,CT_eff,,10.0,29
290.0,300.0,293.56802,10.636449999999968,611,1,10.0,20,high,high_fit_bins,1.1580062568302756,611,1.3409784908580662,BING,丙（BING）,A,CT_eff,CT_eff,,10.0,30
0.0,0.5,0.286225825,3.204715535,560,1,0.5,20,low,low_lookup,0.46923459857590094,560,0.2201811085006869,BING,丙（BING）,AP,CT_eff,CT_eff,10.0,10.0,1
0.5,1.0,0.69125053,3.0139003,1128,1,0.5,20,low,low_lookup,0.4989800062837111,1128,0.24898104667089235,BING,丙（BING）,AP,CT_eff,CT_eff,10.0,10.0,2
1.0,1.5,1.2703653,2.766644500000001,1406,1,0.5,20,low,low_lookup,0.4988508381580283,1406,0.24885215873096733,BING,丙（BING）,AP,CT_eff,CT_eff,10.0,10.0,3
1.5,2.0,1.7418356,2.683563199999999,1635,1,0.5,20,low,low_lookup,0.7763160853098918,1639,0.6026666643108752,BING,丙（BING）,AP,CT_eff,CT_eff,10.0,10.0,4
2.0,2.5,2.2477193,2.593816999999999,1511,1,0.5,20,low,low_lookup,0.7907949683812624,1515,0.6253566820171218,BING,丙（BING）,AP,CT_eff,CT_eff,10.0,10.0,5
2.5,3.0,2.74213325,2.4361611499999993,1364,1,0.5,20,low,low_lookup,0.6590552132894775,1366,0.43435377416403864,BING,丙（BING）,AP,CT_eff,CT_eff,10.0,10.0,6
3.0,3.5,3.2427397,2.3298297000000012,1273,1,0.5,20,low,low_lookup,0.6913981981871561,1275,0.47803146845644595,BING,丙（BING）,AP,CT_eff,CT_eff,10.0,10.0,7
3.5,4.0,3.7482,2.2994007999999977,1189,1,0.5,20,low,low_lookup,0.5638709923264382,1189,0.31795049598720215,BING,丙（BING）,AP,CT_eff,CT_eff,10.0,10.0,8
4.0,4.5,4.2529698499999995,2.2374119999999995,1204,1,0.5,20,low,low_lookup,0.6515864887558611,1205,0.42456495232919195,BING,丙（BING）,AP,CT_eff,CT_eff,10.0,10.0,9
4.5,5.0,4.74717525,2.1549309500000007,1166,1,0.5,20,low,low_lookup,0.5474559416050578,1167,0.2997080079986805,BING,丙（BING）,AP,CT_eff,CT_eff,10.0,10.0,10
5.0,5.5,5.236549,2.0922337000000004,1123,1,0.5,20,low,low_lookup,0.637464804051103,1126,0.40636137640391107,BING,丙（BING）,AP,CT_eff,CT_eff,10.0,10.0,11
5.5,6.0,5.74803305,2.0599274999999997,996,1,0.5,20,low,low_lookup,0.557052828018439,999,0.3103078532033406,BING,丙（BING）,AP,CT_eff,CT_eff,10.0,10.0,12
6.0,6.5,6.2584233000000005,2.00814225,1016,1,0.5,20,low,low_lookup,0.5692401873478815,1021,0.32403439089185126,BING,丙（BING）,AP,CT_eff,CT_eff,10.0,10.0,13
6.5,7.0,6.7577796,1.9304496999999978,929,1,0.5,20,low,low_lookup,0.691516094562633,978,0.47819450903915633,BING,丙（BING）,AP,CT_eff,CT_eff,10.0,10.0,14
7.0,7.5,7.2272555999999994,1.851838249999998,854,1,0.5,20,low,low_lookup,0.6504022508528107,964,0.42302308791440246,BING,丙（BING）,AP,CT_eff,CT_eff,10.0,10.0,15
7.5,8.0,7.7324166,1.7163914,661,1,0.5,20,low,low_lookup,0.5588463154161375,911,0.31230920425419306,BING,丙（BING）,AP,CT_eff,CT_eff,10.0,10.0,16
8.0,8.5,8.1897615,1.55292925,344,1,0.5,20,low,low_lookup,0.5583459802033036,888,0.3117502336091879,BING,丙（BING）,AP,CT_eff,CT_eff,10.0,10.0,17
8.5,10.0,8.607636,1.1521710000000045,95,3,0.5,20,low,low_lookup,0.678905971787783,2826,0.460913318529114,BING,丙（BING）,AP,CT_eff,CT_eff,10.0,10.0,18
0.0,10.0,9.011436,1.9759659999999997,3709,1,10.0,20,high,high_fit_bins,0.6441138405921284,22163,0.4148826396423418,BING,丙（BING）,AP,CT_eff,CT_eff,10.0,10.0,19
10.0,20.0,14.813013,1.6995559999999976,17088,1,10.0,20,high,high_fit_bins,0.5772193913750125,17088,0.3331822257793399,BING,丙（BING）,AP,CT_eff,CT_eff,10.0,10.0,20
20.0,30.0,24.772356,1.7346910000000015,16117,1,10.0,20,high,high_fit_bins,0.6066848672735535,16117,0.36806652817872926,BING,丙（BING）,AP,CT_eff,CT_eff,10.0,10.0,21
30.0,40.0,34.9000035,1.873625999999998,13120,1,10.0,20,high,high_fit_bins,0.6804538402185788,13120,0.46301742866821116,BING,丙（BING）,AP,CT_eff,CT_eff,10.0,10.0,22
40.0,50.0,45.136692,2.013548,13141,1,10.0,20,high,high_fit_bins,0.8176152910764811,13141,0.668494764202079,BING,丙（BING）,AP,CT_eff,CT_eff,10.0,10.0,23
50.0,60.0,54.562343,2.1661814999999933,11332,1,10.0,20,high,high_fit_bins,0.9433450219268856,11332,0.8898998303942364,BING,丙（BING）,AP,CT_eff,CT_eff,10.0,10.0,24
60.0,70.0,64.70227,2.3499669999999995,9398,1,10.0,20,high,high_fit_bins,1.1240962329896191,9398,1.263592341021452,BING,丙（BING）,AP,CT_eff,CT_eff,10.0,10.0,25
70.0,80.0,74.97634,2.5650949999999995,7933,1,10.0,20,high,high_fit_bins,1.2489120937451919,7933,1.559781417902999,BING,丙（BING）,AP,CT_eff,CT_eff,10.0,10.0,26
80.0,90.0,84.880455,2.7588340000000073,7435,1,10.0,20,high,high_fit_bins,1.4022678540510685,7435,1.9663551345049886,BING,丙（BING）,AP,CT_eff,CT_eff,10.0,10.0,27
90.0,100.0,94.80722499999999,3.0357520000000093,6552,1,10.0,20,high,high_fit_bins,1.5461353492666645,6552,2.390534518251951,BING,丙（BING）,AP,CT_eff,CT_eff,10.0,10.0,28
100.0,110.0,104.90484,3.3471700000000055,6323,1,10.0,20,high,high_fit_bins,1.731345821318841,6323,2.997558352998212,BING,丙（BING）,AP,CT_eff,CT_eff,10.0,10.0,29
110.0,120.0,114.57157799999999,3.549340000000001,5782,1,10.0,20,high,high_fit_bins,1.783745783841657,5782,3.1817490213728874,BING,丙（BING）,AP,CT_eff,CT_eff,10.0,10.0,30
120.0,130.0,124.906175,3.8366730000000118,4998,1,10.0,20,high,high_fit_bins,1.9052813353524087,4998,3.630096966842258,BING,丙（BING）,AP,CT_eff,CT_eff,10.0,10.0,31
130.0,140.0,134.84695,4.126310000000018,4645,1,10.0,20,high,high_fit_bins,2.073536073246302,4645,4.299551847053694,BING,丙（BING）,AP,CT_eff,CT_eff,10.0,10.0,32
140.0,150.0,144.97672,4.497529999999983,4119,1,10.0,20,high,high_fit_bins,2.3082544770304523,4119,5.3280387307311265,BING,丙（BING）,AP,CT_eff,CT_eff,10.0,10.0,33
150.0,160.0,155.10408999999999,4.846824850000004,3850,1,10.0,20,high,high_fit_bins,2.3840336641523336,3850,5.683616511811602,BING,丙（BING）,AP,CT_eff,CT_eff,10.0,10.0,34
160.0,170.0,165.08552,5.084550149999998,3956,1,10.0,20,high,high_fit_bins,2.409517208259309,3956,5.805773176897734,BING,丙（BING）,AP,CT_eff,CT_eff,10.0,10.0,35
170.0,180.0,174.594105,5.335384999999988,3876,1,10.0,20,high,high_fit_bins,2.537749645126205,3876,6.44017326133818,BING,丙（BING）,AP,CT_eff,CT_eff,10.0,10.0,36
180.0,190.0,184.956635,5.669715000000011,3376,1,10.0,20,high,high_fit_bins,2.7077614020500373,3376,7.331971810431984,BING,丙（BING）,AP,CT_eff,CT_eff,10.0,10.0,37
190.0,200.0,195.21486,6.003590000000003,3053,1,10.0,20,high,high_fit_bins,2.7078973042953542,3053,7.332707810610047,BING,丙（BING）,AP,CT_eff,CT_eff,10.0,10.0,38
200.0,210.0,204.90857,6.418169499999891,3267,1,10.0,20,high,high_fit_bins,2.798889249588364,3267,7.833781031461316,BING,丙（BING）,AP,CT_eff,CT_eff,10.0,10.0,39
210.0,220.0,214.96214,6.827799999999968,3201,1,10.0,20,high,high_fit_bins,2.8691943075880526,3201,8.232275974695686,BING,丙（BING）,AP,CT_eff,CT_eff,10.0,10.0,40
220.0,230.0,225.094025,7.000204699999998,3302,1,10.0,20,high,high_fit_bins,2.9180817177848932,3302,8.515200911670433,BING,丙（BING）,AP,CT_eff,CT_eff,10.0,10.0,41
230.0,240.0,234.69025,7.5393800000000795,2893,1,10.0,20,high,high_fit_bins,2.9320379203603593,2893,8.5968463664311,BING,丙（BING）,AP,CT_eff,CT_eff,10.0,10.0,42
240.0,250.0,245.422965,8.139224850000033,2796,1,10.0,20,high,high_fit_bins,2.9093746963637033,2796,8.46446112384139,BING,丙（BING）,AP,CT_eff,CT_eff,10.0,10.0,43
250.0,260.0,255.50119,8.605830000000026,4521,1,10.0,20,high,high_fit_bins,2.1516232333185115,4521,4.629482538156005,BING,丙（BING）,AP,CT_eff,CT_eff,10.0,10.0,44
260.0,270.0,264.99896,9.106110000000001,4673,1,10.0,20,high,high_fit_bins,1.9951885108744254,4673,3.980777193925307,BING,丙（BING）,AP,CT_eff,CT_eff,10.0,10.0,45
270.0,280.0,274.90826500000003,9.339140000000071,3120,1,10.0,20,high,high_fit_bins,2.045859222149817,3120,4.185539956855454,BING,丙（BING）,AP,CT_eff,CT_eff,10.0,10.0,46
280.0,290.0,283.48762,9.785775000000001,3158,1,10.0,20,high,high_fit_bins,1.405599992696363,3158,1.9757113394680155,BING,丙（BING）,AP,CT_eff,CT_eff,10.0,10.0,47
290.0,300.0,293.56802,10.636449999999968,611,1,10.0,20,high,high_fit_bins,1.1580062568302756,611,1.3409784908580662,BING,丙（BING）,AP,CT_eff,CT_eff,10.0,10.0,48
0.0,0.5,0.14,0.14,8326,1,0.5,20,low,low_lookup,0.048524117305796546,8326,0.0023545899603067038,BING,丙（BING）,B,FAN_eff,FAN_eff,10.0,10.0,1
0.5,1.0,0.72719,0.72719,3344,1,0.5,20,low,low_lookup,0.0,3344,0.0,BING,丙（BING）,B,FAN_eff,FAN_eff,10.0,10.0,2
1.0,1.5,1.2483499999999998,1.2483499999999998,2864,1,0.5,20,low,low_lookup,0.0,2864,0.0,BING,丙（BING）,B,FAN_eff,FAN_eff,10.0,10.0,3
1.5,2.0,1.751,1.751,2653,1,0.5,20,low,low_lookup,0.005007736509203086,2653,2.5077424945605512e-05,BING,丙（BING）,B,FAN_eff,FAN_eff,10.0,10.0,4
2.0,2.5,2.24273,2.23938,2437,1,0.5,20,low,low_lookup,0.036921480718645996,2437,0.001363195738457348,BING,丙（BING）,B,FAN_eff,FAN_eff,10.0,10.0,5
2.5,3.0,2.74295,2.7133000000000007,2251,1,0.5,20,low,low_lookup,0.15805698792624828,2251,0.024982011432318197,BING,丙（BING）,B,FAN_eff,FAN_eff,10.0,10.0,6
3.0,3.5,3.24987,3.124,2147,1,0.5,20,low,low_lookup,0.4358092450197399,2147,0.1899296980446757,BING,丙（BING）,B,FAN_eff,FAN_eff,10.0,10.0,7
3.5,4.0,3.754225,3.0915427150000006,2046,1,0.5,20,low,low_lookup,0.6481755135875334,2046,0.42013149641446274,BING,丙（BING）,B,FAN_eff,FAN_eff,10.0,10.0,8
4.0,4.5,4.240240000000001,2.6837782,1969,1,0.5,20,low,low_lookup,0.6428717429166099,1969,0.41328407784063975,BING,丙（BING）,B,FAN_eff,FAN_eff,10.0,10.0,9
4.5,5.0,4.743170000000001,2.6460004,1866,1,0.5,20,low,low_lookup,0.6062672239416693,1866,0.36755994682593823,BING,丙（BING）,B,FAN_eff,FAN_eff,10.0,10.0,10
5.0,5.5,5.244509999999999,2.4896124,1729,1,0.5,20,low,low_lookup,0.5972347712807781,1729,0.3566893720268033,BING,丙（BING）,B,FAN_eff,FAN_eff,10.0,10.0,11
5.5,6.0,5.728800000000001,2.4130552500000015,1428,1,0.5,20,low,low_lookup,0.6290646396829996,1428,0.39572232089950216,BING,丙（BING）,B,FAN_eff,FAN_eff,10.0,10.0,12
6.0,6.5,6.249179999999999,2.2563569999999995,1365,1,0.5,20,low,low_lookup,0.6350892028481605,1365,0.40333829557431194,BING,丙（BING）,B,FAN_eff,FAN_eff,10.0,10.0,13
6.5,7.0,6.75768,2.1846549999999993,1291,1,0.5,20,low,low_lookup,0.598265901135196,1291,0.35792208846110807,BING,丙（BING）,B,FAN_eff,FAN_eff,10.0,10.0,14
7.0,7.5,7.252834999999999,2.1407382999999998,1264,1,0.5,20,low,low_lookup,0.6310125149565964,1264,0.39817679403184875,BING,丙（BING）,B,FAN_eff,FAN_eff,10.0,10.0,15
7.5,8.0,7.74446,2.148605,1179,1,0.5,20,low,low_lookup,0.6349410315082192,1179,0.40315011349272145,BING,丙（BING）,B,FAN_eff,FAN_eff,10.0,10.0,16
8.0,8.5,8.24496,2.0225110000000015,1121,1,0.5,20,low,low_lookup,0.6068559832269496,1121,0.3682741843783477,BING,丙（BING）,B,FAN_eff,FAN_eff,10.0,10.0,17
8.5,9.0,8.738255000000002,1.9772248000000014,1052,1,0.5,20,low,low_lookup,0.6072605834941056,1052,0.3687654162656016,BING,丙（BING）,B,FAN_eff,FAN_eff,10.0,10.0,18
9.0,9.5,9.254729999999999,1.9507819999999967,1026,1,0.5,20,low,low_lookup,0.6152737312289884,1026,0.3785617643404415,BING,丙（BING）,B,FAN_eff,FAN_eff,10.0,10.0,19
9.5,10.0,9.741559999999998,1.890973299999998,963,1,0.5,20,low,low_lookup,0.6161191752976332,963,0.37960283816943563,BING,丙（BING）,B,FAN_eff,FAN_eff,10.0,10.0,20
10.0,20.0,14.646365,1.7339179999999956,17904,1,10.0,20,high,high_fit_bins,0.6971759771825253,17904,0.4860543431604091,BING,丙（BING）,B,FAN_eff,FAN_eff,10.0,10.0,21
20.0,30.0,24.890059999999995,1.7169060000000052,16411,1,10.0,20,high,high_fit_bins,0.5891190916264315,16411,0.3470613041187518,BING,丙（BING）,B,FAN_eff,FAN_eff,10.0,10.0,22
30.0,40.0,34.84823,1.839661000000003,13136,1,10.0,20,high,high_fit_bins,0.6631870951838428,13136,0.43981712321838334,BING,丙（BING）,B,FAN_eff,FAN_eff,10.0,10.0,23
40.0,50.0,45.03726,1.983393999999997,12911,1,10.0,20,high,high_fit_bins,0.7513692042330836,12911,0.5645556810698573,BING,丙（BING）,B,FAN_eff,FAN_eff,10.0,10.0,24
50.0,60.0,54.598299999999995,2.1378999999999984,11832,1,10.0,20,high,high_fit_bins,0.8967730774940287,11832,0.8042019525181112,BING,丙（BING）,B,FAN_eff,FAN_eff,10.0,10.0,25
60.0,70.0,64.8697799,2.3020249999999756,9596,1,10.0,20,high,high_fit_bins,1.025152080829699,9596,1.0509367888294616,BING,丙（BING）,B,FAN_eff,FAN_eff,10.0,10.0,26
70.0,80.0,74.910355,2.5196399999999954,7886,1,10.0,20,high,high_fit_bins,1.1636154745725693,7886,1.3540009726647457,BING,丙（BING）,B,FAN_eff,FAN_eff,10.0,10.0,27
80.0,90.0,84.79436,2.7073300000000415,7519,1,10.0,20,high,high_fit_bins,1.3332593470549998,7519,1.7775804865095244,BING,丙（BING）,B,FAN_eff,FAN_eff,10.0,10.0,28
90.0,100.0,94.84274500000001,2.9526574999999866,6604,1,10.0,20,high,high_fit_bins,1.468895105341341,6604,2.157652830495749,BING,丙（BING）,B,FAN_eff,FAN_eff,10.0,10.0,29
100.0,110.0,104.99584000000002,3.239519999999999,6181,1,10.0,20,high,high_fit_bins,1.5772380935139432,6181,2.4876800036314983,BING,丙（BING）,B,FAN_eff,FAN_eff,10.0,10.0,30
110.0,120.0,114.87371010000004,3.505634999999998,6000,1,10.0,20,high,high_fit_bins,1.7376754926699487,6000,3.019516117825749,BING,丙（BING）,B,FAN_eff,FAN_eff,10.0,10.0,31
120.0,130.0,125.04027999999998,3.742307150000002,5030,1,10.0,20,high,high_fit_bins,1.816938928884998,5030,3.301267071297764,BING,丙（BING）,B,FAN_eff,FAN_eff,10.0,10.0,32
130.0,140.0,135.10742495,4.008900100000048,4634,1,10.0,20,high,high_fit_bins,1.9120769710574201,4634,3.6560383432481185,BING,丙（BING）,B,FAN_eff,FAN_eff,10.0,10.0,33
140.0,150.0,144.90248000000003,4.311214999999962,4144,1,10.0,20,high,high_fit_bins,2.1392744889583075,4144,4.576495339107828,BING,丙（BING）,B,FAN_eff,FAN_eff,10.0,10.0,34
150.0,160.0,154.72227,4.6916399999999925,3812,1,10.0,20,high,high_fit_bins,2.288339052621945,3812,5.2364956197547015,BING,丙（BING）,B,FAN_eff,FAN_eff,10.0,10.0,35
160.0,170.0,165.08511499999997,4.959000000000003,3798,1,10.0,20,high,high_fit_bins,2.3391547286596714,3798,5.471644844610901,BING,丙（BING）,B,FAN_eff,FAN_eff,10.0,10.0,36
170.0,180.0,175.1771845,5.182490000000001,4034,1,10.0,20,high,high_fit_bins,2.357813560231923,4034,5.559284784813535,BING,丙（BING）,B,FAN_eff,FAN_eff,10.0,10.0,37
180.0,190.0,185.10913,5.5461199999999735,3393,1,10.0,20,high,high_fit_bins,2.578102020401503,3393,6.646610027598312,BING,丙（BING）,B,FAN_eff,FAN_eff,10.0,10.0,38
190.0,200.0,194.67212484999996,5.888054999999994,3054,1,10.0,20,high,high_fit_bins,2.6298149825424204,3054,6.915926842404591,BING,丙（BING）,B,FAN_eff,FAN_eff,10.0,10.0,39
200.0,210.0,205.12598,6.094529999999992,3121,1,10.0,20,high,high_fit_bins,2.662511077853462,3121,7.088965239692405,BING,丙（BING）,B,FAN_eff,FAN_eff,10.0,10.0,40
210.0,220.0,214.983785,6.5278749999999945,3128,1,10.0,20,high,high_fit_bins,2.695556774414498,3128,7.266026324091894,BING,丙（BING）,B,FAN_eff,FAN_eff,10.0,10.0,41
220.0,230.0,225.24881489999996,6.885629700000038,3086,1,10.0,20,high,high_fit_bins,2.8235637043759536,3086,7.972511992669258,BING,丙（BING）,B,FAN_eff,FAN_eff,10.0,10.0,42
230.0,240.0,234.85905499999996,7.18688985,3122,1,10.0,20,high,high_fit_bins,2.798235871511124,3122,7.830123992611621,BING,丙（BING）,B,FAN_eff,FAN_eff,10.0,10.0,43
240.0,250.0,244.84266000000002,7.734095200000013,2660,1,10.0,20,high,high_fit_bins,2.8353801843427937,2660,8.039380789763776,BING,丙（BING）,B,FAN_eff,FAN_eff,10.0,10.0,44
250.0,260.0,255.47163500000002,8.167999750000007,2772,1,10.0,20,high,high_fit_bins,2.6293964255577253,2772,6.913725562735743,BING,丙（BING）,B,FAN_eff,FAN_eff,10.0,10.0,45
260.0,270.0,265.30174,8.662105000000025,4548,1,10.0,20,high,high_fit_bins,2.1310272140908246,4548,4.541276987195701,BING,丙（BING）,B,FAN_eff,FAN_eff,10.0,10.0,46
270.0,280.0,275.25261,9.17434000000003,4421,1,10.0,20,high,high_fit_bins,1.9652132015196888,4421,3.862062927427265,BING,丙（BING）,B,FAN_eff,FAN_eff,10.0,10.0,47
280.0,290.0,284.98184,9.459564999999998,2936,1,10.0,20,high,high_fit_bins,1.9150038321120344,2936,3.667239677003777,BING,丙（BING）,B,FAN_eff,FAN_eff,10.0,10.0,48
290.0,300.0,293.3723598,9.882014999999996,3058,1,10.0,20,high,high_fit_bins,1.3365060020942678,3058,1.7862482936340032,BING,丙（BING）,B,FAN_eff,FAN_eff,10.0,10.0,49
300.0,310.0,304.30918999999994,10.717555000000033,614,1,10.0,20,high,high_fit_bins,1.0617749808815373,614,1.1273661100259889,BING,丙（BING）,B,FAN_eff,FAN_eff,10.0,10.0,50
0.0,10.0,4.258622,2.41334157,23647,1,10.0,20,high,high_fit_bins,0.5050299048468285,23647,0.2550552047895967,DING,丁（DING）,A,CT_eff,CT_eff,,10.0,1
10.0,20.0,14.878289,2.1433685000000002,17652,1,10.0,20,high,high_fit_bins,0.5187354858131357,17652,0.26908650424178987,DING,丁（DING）,A,CT_eff,CT_eff,,10.0,2
20.0,30.0,24.864037500000002,2.0484780000000065,15924,1,10.0,20,high,high_fit_bins,0.7691984185905351,15924,0.59166620716218,DING,丁（DING）,A,CT_eff,CT_eff,,10.0,3
30.0,40.0,34.996528999999995,1.9807659999999956,14770,1,10.0,20,high,high_fit_bins,0.8113660458112375,14770,0.6583148602953631,DING,丁（DING）,A,CT_eff,CT_eff,,10.0,4
40.0,50.0,44.6232605,1.9307049999999961,13596,1,10.0,20,high,high_fit_bins,0.8052329135647089,13596,0.64840004508791,DING,丁（DING）,A,CT_eff,CT_eff,,10.0,5
50.0,60.0,54.793275,1.9169630000000133,10708,1,10.0,20,high,high_fit_bins,0.8954360664616114,10708,0.8018057491202434,DING,丁（DING）,A,CT_eff,CT_eff,,10.0,6
60.0,70.0,64.650465,1.912400500000004,8976,1,10.0,20,high,high_fit_bins,1.0436764079534542,8976,1.089260444518625,DING,丁（DING）,A,CT_eff,CT_eff,,10.0,7
70.0,80.0,74.897695,1.96456349999999,7822,1,10.0,20,high,high_fit_bins,1.0685106272673026,7822,1.1417149605831645,DING,丁（DING）,A,CT_eff,CT_eff,,10.0,8
80.0,90.0,84.893776,2.097824000000017,7011,1,10.0,20,high,high_fit_bins,1.2897721479528192,7011,1.6635121936348292,DING,丁（DING）,A,CT_eff,CT_eff,,10.0,9
90.0,100.0,94.78181,2.1579020000000213,6206,1,10.0,20,high,high_fit_bins,1.3549251277647043,6206,1.8358221018482004,DING,丁（DING）,A,CT_eff,CT_eff,,10.0,10
100.0,110.0,104.94423,2.306671499999993,5726,1,10.0,20,high,high_fit_bins,1.4656473333641866,5726,2.148122105797551,DING,丁（DING）,A,CT_eff,CT_eff,,10.0,11
110.0,120.0,114.83831,2.443779999999961,5099,1,10.0,20,high,high_fit_bins,1.591723345102306,5099,2.533583207343675,DING,丁（DING）,A,CT_eff,CT_eff,,10.0,12
120.0,130.0,124.90497300000001,2.671531499999986,4540,1,10.0,20,high,high_fit_bins,1.808847431244248,4540,3.2719290295189145,DING,丁（DING）,A,CT_eff,CT_eff,,10.0,13
130.0,140.0,134.78363000000002,2.9011155000000173,3866,1,10.0,20,high,high_fit_bins,2.020747049122579,3866,4.08341863653761,DING,丁（DING）,A,CT_eff,CT_eff,,10.0,14
140.0,150.0,145.9872,2.575397000000038,4333,1,10.0,20,high,high_fit_bins,2.0162510075082825,4333,4.065268125278164,DING,丁（DING）,A,CT_eff,CT_eff,,10.0,15
150.0,160.0,155.106335,3.064664499999992,3320,1,10.0,20,high,high_fit_bins,2.3546191402987557,3320,5.544231295861252,DING,丁（DING）,A,CT_eff,CT_eff,,10.0,16
160.0,170.0,164.870665,3.436587999999958,3020,1,10.0,20,high,high_fit_bins,2.4304672891565926,3020,5.907171243660196,DING,丁（DING）,A,CT_eff,CT_eff,,10.0,17
170.0,180.0,174.98542,3.6957739999999717,2820,1,10.0,20,high,high_fit_bins,2.462089080518522,2820,6.06188264040854,DING,丁（DING）,A,CT_eff,CT_eff,,10.0,18
180.0,190.0,184.84350999999998,3.5718685000000363,2840,1,10.0,20,high,high_fit_bins,2.543066733825828,2840,6.4671884126915655,DING,丁（DING）,A,CT_eff,CT_eff,,10.0,19
190.0,200.0,194.988775,3.9176044999999533,2642,1,10.0,20,high,high_fit_bins,2.56981563402918,2642,6.603952392900797,DING,丁（DING）,A,CT_eff,CT_eff,,10.0,20
200.0,210.0,205.0929,4.005295999999987,2843,1,10.0,20,high,high_fit_bins,2.4958712813336477,2843,6.2293734529860645,DING,丁（DING）,A,CT_eff,CT_eff,,10.0,21
210.0,220.0,215.12859,4.507901500000031,2936,1,10.0,20,high,high_fit_bins,2.4090515300401347,2936,5.803529274388715,DING,丁（DING）,A,CT_eff,CT_eff,,10.0,22
220.0,230.0,224.99982,4.328079999999915,2305,1,10.0,20,high,high_fit_bins,2.6650602935449155,2305,7.102546368229711,DING,丁（DING）,A,CT_eff,CT_eff,,10.0,23
230.0,240.0,235.3059,4.741400999999996,2869,1,10.0,20,high,high_fit_bins,2.311575343200015,2869,5.343380567290267,DING,丁（DING）,A,CT_eff,CT_eff,,10.0,24
240.0,250.0,244.92564499999997,5.4037169999999435,2810,1,10.0,20,high,high_fit_bins,2.0749828476335797,2810,4.305553817973559,DING,丁（DING）,A,CT_eff,CT_eff,,10.0,25
250.0,260.0,254.12982,5.997186000000056,4021,1,10.0,20,high,high_fit_bins,1.7108823574059187,4021,2.9271184408828335,DING,丁（DING）,A,CT_eff,CT_eff,,10.0,26
260.0,270.0,263.65936,6.026300000000049,2023,1,10.0,20,high,high_fit_bins,1.9624748991812022,2023,3.85130772991627,DING,丁（DING）,A,CT_eff,CT_eff,,10.0,27
270.0,280.0,274.26535,5.5657580000000735,1727,1,10.0,20,high,high_fit_bins,1.5294536104565362,1727,2.3392283465385337,DING,丁（DING）,A,CT_eff,CT_eff,,10.0,28
280.0,290.0,280.97818,5.440705999999864,797,1,10.0,20,high,high_fit_bins,0.6690591582110839,797,0.44764015718612415,DING,丁（DING）,A,CT_eff,CT_eff,,10.0,29
0.0,0.5,0.31410388499999997,2.6926604999999997,1220,1,0.5,20,low,low_lookup,0.5806342270645025,1221,0.33713610563879226,DING,丁（DING）,AP,CT_eff,CT_eff,10.0,10.0,1
0.5,1.0,0.8075055,2.6161921,2019,1,0.5,20,low,low_lookup,0.4001218192555177,2019,0.16009747024434517,DING,丁（DING）,AP,CT_eff,CT_eff,10.0,10.0,2
1.0,1.5,1.1697142,2.6786185000000007,981,1,0.5,20,low,low_lookup,0.41416571324029755,981,0.17153323802384438,DING,丁（DING）,AP,CT_eff,CT_eff,10.0,10.0,3
1.5,2.0,1.7429679,2.4861020000000003,1584,1,0.5,20,low,low_lookup,0.5565369613513241,1585,0.30973338935016526,DING,丁（DING）,AP,CT_eff,CT_eff,10.0,10.0,4
2.0,2.5,2.2639465,2.4789500999999996,1473,1,0.5,20,low,low_lookup,0.41592534410653864,1473,0.17299389187014258,DING,丁（DING）,AP,CT_eff,CT_eff,10.0,10.0,5
2.5,3.0,2.746328,2.4481237,1445,1,0.5,20,low,low_lookup,0.5490000101649003,1446,0.3014010111610606,DING,丁（DING）,AP,CT_eff,CT_eff,10.0,10.0,6
3.0,3.5,3.24814,2.420237000000001,1319,1,0.5,20,low,low_lookup,0.7650967865844696,1322,0.5853730928418813,DING,丁（DING）,AP,CT_eff,CT_eff,10.0,10.0,7
3.5,4.0,3.758113,2.418026,1167,1,0.5,20,low,low_lookup,0.42370268687410717,1167,0.17952396686433772,DING,丁（DING）,AP,CT_eff,CT_eff,10.0,10.0,8
4.0,4.5,4.2502666,2.3886787,1191,1,0.5,20,low,low_lookup,0.46720458660194314,1191,0.2182801257418926,DING,丁（DING）,AP,CT_eff,CT_eff,10.0,10.0,9
4.5,5.0,4.748064149999999,2.3864539999999996,1158,1,0.5,20,low,low_lookup,0.46442580738633615,1158,0.2156913305664502,DING,丁（DING）,AP,CT_eff,CT_eff,10.0,10.0,10
5.0,5.5,5.2501973500000005,2.382091,1060,1,0.5,20,low,low_lookup,0.4628612122198052,1060,0.21424050177758755,DING,丁（DING）,AP,CT_eff,CT_eff,10.0,10.0,11
5.5,6.0,5.7650299,2.36133335,1028,1,0.5,20,low,low_lookup,0.48039619244337534,1029,0.2307805017140925,DING,丁（DING）,AP,CT_eff,CT_eff,10.0,10.0,12
6.0,6.5,6.24967485,2.348908500000002,1068,1,0.5,20,low,low_lookup,0.47998825772404385,1071,0.23038872755296314,DING,丁（DING）,AP,CT_eff,CT_eff,10.0,10.0,13
6.5,7.0,6.7406273,2.3109095999999996,1049,1,0.5,20,low,low_lookup,0.4309060401236176,1073,0.18568001541501675,DING,丁（DING）,AP,CT_eff,CT_eff,10.0,10.0,14
7.0,7.5,7.22502285,2.2379241499999996,884,1,0.5,20,low,low_lookup,0.47653688382932463,1018,0.22708740164976324,DING,丁（DING）,AP,CT_eff,CT_eff,10.0,10.0,15
7.5,8.0,7.6799029999999995,2.0141533499999964,476,1,0.5,20,low,low_lookup,0.5086906713561411,981,0.25876619912476156,DING,丁（DING）,AP,CT_eff,CT_eff,10.0,10.0,16
8.0,8.5,8.137353,1.4430289999999992,111,1,0.5,20,low,low_lookup,0.48569789483306297,1025,0.2359024450452691,DING,丁（DING）,AP,CT_eff,CT_eff,10.0,10.0,17
8.5,10.0,8.806304,0.888897,43,3,0.5,20,low,low_lookup,0.7135935704379865,2827,0.5092157837704336,DING,丁（DING）,AP,CT_eff,CT_eff,10.0,10.0,18
0.0,10.0,8.8120495,2.3205314999999995,4384,1,10.0,20,high,high_fit_bins,0.5683282917143705,23647,0.3229970471629746,DING,丁（DING）,AP,CT_eff,CT_eff,10.0,10.0,19
10.0,20.0,14.878289,2.1433685000000002,17652,1,10.0,20,high,high_fit_bins,0.5189223301400013,17652,0.26928038471792853,DING,丁（DING）,AP,CT_eff,CT_eff,10.0,10.0,20
20.0,30.0,24.864037500000002,2.0484780000000065,15924,1,10.0,20,high,high_fit_bins,0.7691984185905351,15924,0.59166620716218,DING,丁（DING）,AP,CT_eff,CT_eff,10.0,10.0,21
30.0,40.0,34.996528999999995,1.9807659999999956,14770,1,10.0,20,high,high_fit_bins,0.8113660458112375,14770,0.6583148602953631,DING,丁（DING）,AP,CT_eff,CT_eff,10.0,10.0,22
40.0,50.0,44.6232605,1.9307049999999961,13596,1,10.0,20,high,high_fit_bins,0.8052329135647089,13596,0.64840004508791,DING,丁（DING）,AP,CT_eff,CT_eff,10.0,10.0,23
50.0,60.0,54.793275,1.9169630000000133,10708,1,10.0,20,high,high_fit_bins,0.8954360664616114,10708,0.8018057491202434,DING,丁（DING）,AP,CT_eff,CT_eff,10.0,10.0,24
60.0,70.0,64.650465,1.912400500000004,8976,1,10.0,20,high,high_fit_bins,1.0436764079534542,8976,1.089260444518625,DING,丁（DING）,AP,CT_eff,CT_eff,10.0,10.0,25
70.0,80.0,74.897695,1.96456349999999,7822,1,10.0,20,high,high_fit_bins,1.0685106272673026,7822,1.1417149605831645,DING,丁（DING）,AP,CT_eff,CT_eff,10.0,10.0,26
80.0,90.0,84.893776,2.097824000000017,7011,1,10.0,20,high,high_fit_bins,1.2897721479528192,7011,1.6635121936348292,DING,丁（DING）,AP,CT_eff,CT_eff,10.0,10.0,27
90.0,100.0,94.78181,2.1579020000000213,6206,1,10.0,20,high,high_fit_bins,1.3549251277647043,6206,1.8358221018482004,DING,丁（DING）,AP,CT_eff,CT_eff,10.0,10.0,28
100.0,110.0,104.94423,2.306671499999993,5726,1,10.0,20,high,high_fit_bins,1.4656473333641866,5726,2.148122105797551,DING,丁（DING）,AP,CT_eff,CT_eff,10.0,10.0,29
110.0,120.0,114.83831,2.443779999999961,5099,1,10.0,20,high,high_fit_bins,1.591723345102306,5099,2.533583207343675,DING,丁（DING）,AP,CT_eff,CT_eff,10.0,10.0,30
120.0,130.0,124.90497300000001,2.671531499999986,4540,1,10.0,20,high,high_fit_bins,1.808847431244248,4540,3.2719290295189145,DING,丁（DING）,AP,CT_eff,CT_eff,10.0,10.0,31
130.0,140.0,134.78363000000002,2.9011155000000173,3866,1,10.0,20,high,high_fit_bins,2.020747049122579,3866,4.08341863653761,DING,丁（DING）,AP,CT_eff,CT_eff,10.0,10.0,32
140.0,150.0,145.9872,2.575397000000038,4333,1,10.0,20,high,high_fit_bins,2.0162510075082825,4333,4.065268125278164,DING,丁（DING）,AP,CT_eff,CT_eff,10.0,10.0,33
150.0,160.0,155.106335,3.064664499999992,3320,1,10.0,20,high,high_fit_bins,2.3546191402987557,3320,5.544231295861252,DING,丁（DING）,AP,CT_eff,CT_eff,10.0,10.0,34
160.0,170.0,164.870665,3.436587999999958,3020,1,10.0,20,high,high_fit_bins,2.4304672891565926,3020,5.907171243660196,DING,丁（DING）,AP,CT_eff,CT_eff,10.0,10.0,35
170.0,180.0,174.98542,3.6957739999999717,2820,1,10.0,20,high,high_fit_bins,2.462089080518522,2820,6.06188264040854,DING,丁（DING）,AP,CT_eff,CT_eff,10.0,10.0,36
180.0,190.0,184.84350999999998,3.5718685000000363,2840,1,10.0,20,high,high_fit_bins,2.543066733825828,2840,6.4671884126915655,DING,丁（DING）,AP,CT_eff,CT_eff,10.0,10.0,37
190.0,200.0,194.988775,3.9176044999999533,2642,1,10.0,20,high,high_fit_bins,2.56981563402918,2642,6.603952392900797,DING,丁（DING）,AP,CT_eff,CT_eff,10.0,10.0,38
200.0,210.0,205.0929,4.005295999999987,2843,1,10.0,20,high,high_fit_bins,2.4958712813336477,2843,6.2293734529860645,DING,丁（DING）,AP,CT_eff,CT_eff,10.0,10.0,39
210.0,220.0,215.12859,4.507901500000031,2936,1,10.0,20,high,high_fit_bins,2.4090515300401347,2936,5.803529274388715,DING,丁（DING）,AP,CT_eff,CT_eff,10.0,10.0,40
220.0,230.0,224.99982,4.328079999999915,2305,1,10.0,20,high,high_fit_bins,2.6650602935449155,2305,7.102546368229711,DING,丁（DING）,AP,CT_eff,CT_eff,10.0,10.0,41
230.0,240.0,235.3059,4.741400999999996,2869,1,10.0,20,high,high_fit_bins,2.311575343200015,2869,5.343380567290267,DING,丁（DING）,AP,CT_eff,CT_eff,10.0,10.0,42
240.0,250.0,244.92564499999997,5.4037169999999435,2810,1,10.0,20,high,high_fit_bins,2.0749828476335797,2810,4.305553817973559,DING,丁（DING）,AP,CT_eff,CT_eff,10.0,10.0,43
250.0,260.0,254.12982,5.997186000000056,4021,1,10.0,20,high,high_fit_bins,1.7108823574059187,4021,2.9271184408828335,DING,丁（DING）,AP,CT_eff,CT_eff,10.0,10.0,44
260.0,270.0,263.65936,6.026300000000049,2023,1,10.0,20,high,high_fit_bins,1.9624748991812022,2023,3.85130772991627,DING,丁（DING）,AP,CT_eff,CT_eff,10.0,10.0,45
270.0,280.0,274.26535,5.5657580000000735,1727,1,10.0,20,high,high_fit_bins,1.5294536104565362,1727,2.3392283465385337,DING,丁（DING）,AP,CT_eff,CT_eff,10.0,10.0,46
280.0,290.0,280.97818,5.440705999999864,797,1,10.0,20,high,high_fit_bins,0.6690591582110839,797,0.44764015718612415,DING,丁（DING）,AP,CT_eff,CT_eff,10.0,10.0,47
0.0,0.5,0.002,0.002,28047,1,0.5,20,low,low_lookup,0.0004704025254634537,28047,2.212785359623952e-07,DING,丁（DING）,B,FAN_eff,FAN_eff,10.0,10.0,1
0.5,1.0,0.72321,0.72321,5377,1,0.5,20,low,low_lookup,2.5097230242306202e-05,5377,6.29870965835329e-10,DING,丁（DING）,B,FAN_eff,FAN_eff,10.0,10.0,2
1.0,1.5,1.243894,1.2437449999999999,4284,1,0.5,20,low,low_lookup,0.021049651664291017,4284,0.00044308783518798956,DING,丁（DING）,B,FAN_eff,FAN_eff,10.0,10.0,3
1.5,2.0,1.733454,1.72944,3289,1,0.5,20,low,low_lookup,0.06525191810450579,3289,0.00425781281631713,DING,丁（DING）,B,FAN_eff,FAN_eff,10.0,10.0,4
2.0,2.5,2.2380500000000003,2.21369,2557,1,0.5,20,low,low_lookup,0.13268903243357585,2557,0.017606379328158544,DING,丁（DING）,B,FAN_eff,FAN_eff,10.0,10.0,5
2.5,3.0,2.739463,2.6093485,2188,1,0.5,20,low,low_lookup,0.2952441093140794,2188,0.08716908408466408,DING,丁（DING）,B,FAN_eff,FAN_eff,10.0,10.0,6
3.0,3.5,3.2443964999999997,2.68333269,2018,1,0.5,20,low,low_lookup,0.45618628011424583,2018,0.20810592216447316,DING,丁（DING）,B,FAN_eff,FAN_eff,10.0,10.0,7
3.5,4.0,3.7458449999999996,2.7106258000000008,1790,1,0.5,20,low,low_lookup,0.49150988132885937,1790,0.24158196344390942,DING,丁（DING）,B,FAN_eff,FAN_eff,10.0,10.0,8
4.0,4.5,4.24932,2.5224709,1589,1,0.5,20,low,low_lookup,0.47038589763688016,1589,0.2212628926956535,DING,丁（DING）,B,FAN_eff,FAN_eff,10.0,10.0,9
4.5,5.0,4.745520000000001,2.4793883000000005,1559,1,0.5,20,low,low_lookup,0.449766428263464,1559,0.20228983999287373,DING,丁（DING）,B,FAN_eff,FAN_eff,10.0,10.0,10
5.0,5.5,5.247028499999999,2.4564978000000006,1474,1,0.5,20,low,low_lookup,0.42279802275955697,1474,0.17875816804939085,DING,丁（DING）,B,FAN_eff,FAN_eff,10.0,10.0,11
5.5,6.0,5.741917999999999,2.4330996000000003,1373,1,0.5,20,low,low_lookup,0.47525756540682,1373,0.2258697534764178,DING,丁（DING）,B,FAN_eff,FAN_eff,10.0,10.0,12
6.0,6.5,6.2537705,2.42607805,1264,1,0.5,20,low,low_lookup,0.4624293146189648,1264,0.21384087101896554,DING,丁（DING）,B,FAN_eff,FAN_eff,10.0,10.0,13
6.5,7.0,6.745749,2.3781494999999997,1176,1,0.5,20,low,low_lookup,0.4586678226333001,1176,0.21037617151917243,DING,丁（DING）,B,FAN_eff,FAN_eff,10.0,10.0,14
7.0,7.5,7.259010000000002,2.3957663999999985,1128,1,0.5,20,low,low_lookup,0.4752376732309635,1128,0.22585084605798003,DING,丁（DING）,B,FAN_eff,FAN_eff,10.0,10.0,15
7.5,8.0,7.750274000000001,2.404607600000002,1065,1,0.5,20,low,low_lookup,0.45069291008028184,1065,0.20312409919663302,DING,丁（DING）,B,FAN_eff,FAN_eff,10.0,10.0,16
8.0,8.5,8.252597000000002,2.3436432,1124,1,0.5,20,low,low_lookup,0.4776834765728244,1124,0.22818150379070007,DING,丁（DING）,B,FAN_eff,FAN_eff,10.0,10.0,17
8.5,9.0,8.747587,2.3263260000000017,1080,1,0.5,20,low,low_lookup,0.46586099854148216,1080,0.21702646996206684,DING,丁（DING）,B,FAN_eff,FAN_eff,10.0,10.0,18
9.0,9.5,9.245465,2.32179345,1142,1,0.5,20,low,low_lookup,0.4609004960435917,1142,0.21242926725322886,DING,丁（DING）,B,FAN_eff,FAN_eff,10.0,10.0,19
9.5,10.0,9.749925,2.3081814000000023,1037,1,0.5,20,low,low_lookup,0.48279898240489294,1037,0.23309485741120012,DING,丁（DING）,B,FAN_eff,FAN_eff,10.0,10.0,20
10.0,20.0,14.868289,2.1785815,18492,1,10.0,20,high,high_fit_bins,0.6856946808605197,18492,0.4701771953604099,DING,丁（DING）,B,FAN_eff,FAN_eff,10.0,10.0,21
20.0,30.0,24.8771305,2.0628765,16384,1,10.0,20,high,high_fit_bins,0.5793670439984818,16384,0.3356661716715388,DING,丁（DING）,B,FAN_eff,FAN_eff,10.0,10.0,22
30.0,40.0,34.9600415,1.9953000000000003,14958,1,10.0,20,high,high_fit_bins,0.678381670710137,14958,0.46020169115547677,DING,丁（DING）,B,FAN_eff,FAN_eff,10.0,10.0,23
40.0,50.0,44.797591,1.9371650000000002,14113,1,10.0,20,high,high_fit_bins,0.7756644786538701,14113,0.6016553834453802,DING,丁（DING）,B,FAN_eff,FAN_eff,10.0,10.0,24
50.0,60.0,54.73166699999999,1.9223899999999858,11115,1,10.0,20,high,high_fit_bins,0.9298447884538412,11115,0.8646113306147687,DING,丁（DING）,B,FAN_eff,FAN_eff,10.0,10.0,25
60.0,70.0,64.727881,1.91874099999999,9303,1,10.0,20,high,high_fit_bins,0.9609350453140648,9303,0.9233961613127438,DING,丁（DING）,B,FAN_eff,FAN_eff,10.0,10.0,26
70.0,80.0,74.98238850000003,1.9582134999999923,7940,1,10.0,20,high,high_fit_bins,1.124293437671649,7940,1.2640357339915338,DING,丁（DING）,B,FAN_eff,FAN_eff,10.0,10.0,27
80.0,90.0,84.88622450000003,2.0557304999999886,6956,1,10.0,20,high,high_fit_bins,1.3391693662240196,6956,1.7933745914328423,DING,丁（DING）,B,FAN_eff,FAN_eff,10.0,10.0,28
90.0,100.0,94.71053900000001,2.156317999999999,6372,1,10.0,20,high,high_fit_bins,1.3559548425145789,6372,1.8386135349387365,DING,丁（DING）,B,FAN_eff,FAN_eff,10.0,10.0,29
100.0,110.0,104.93840849999995,2.2584850000000003,5700,1,10.0,20,high,high_fit_bins,1.4073838136121415,5700,1.980729198817455,DING,丁（DING）,B,FAN_eff,FAN_eff,10.0,10.0,30
110.0,120.0,114.854023,2.3893850000000114,5244,1,10.0,20,high,high_fit_bins,1.6036649883463725,5244,2.571741394847971,DING,丁（DING）,B,FAN_eff,FAN_eff,10.0,10.0,31
120.0,130.0,124.987126,2.6356540000000024,4567,1,10.0,20,high,high_fit_bins,1.6633408723289635,4567,2.7667028575600776,DING,丁（DING）,B,FAN_eff,FAN_eff,10.0,10.0,32
130.0,140.0,134.82502899999997,2.8507479999999816,3979,1,10.0,20,high,high_fit_bins,1.8825461794216758,3979,3.543980117655148,DING,丁（DING）,B,FAN_eff,FAN_eff,10.0,10.0,33
140.0,150.0,145.376986,2.8327250000000106,3803,1,10.0,20,high,high_fit_bins,1.965348433894106,3803,3.8625944666100156,DING,丁（DING）,B,FAN_eff,FAN_eff,10.0,10.0,34
150.0,160.0,154.168618,2.751066000000037,3841,1,10.0,20,high,high_fit_bins,2.0526124052755783,3841,4.213217686291195,DING,丁（DING）,B,FAN_eff,FAN_eff,10.0,10.0,35
160.0,170.0,164.88829100000004,3.284464999999969,3066,1,10.0,20,high,high_fit_bins,2.2876854144362837,3066,5.233504555424511,DING,丁（DING）,B,FAN_eff,FAN_eff,10.0,10.0,36
170.0,180.0,174.93429899999998,3.5648309999999697,2833,1,10.0,20,high,high_fit_bins,2.398218004285691,2833,5.751449596080042,DING,丁（DING）,B,FAN_eff,FAN_eff,10.0,10.0,37
180.0,190.0,185.117772,3.659082000000012,2857,1,10.0,20,high,high_fit_bins,2.5843386009045886,2857,6.678806004125486,DING,丁（DING）,B,FAN_eff,FAN_eff,10.0,10.0,38
190.0,200.0,194.86974650000002,3.799322499999988,2550,1,10.0,20,high,high_fit_bins,2.6012060510454433,2550,6.76627291999543,DING,丁（DING）,B,FAN_eff,FAN_eff,10.0,10.0,39
200.0,210.0,205.13893,3.967925000000065,2767,1,10.0,20,high,high_fit_bins,2.4666124824235394,2767,6.0841771384476155,DING,丁（DING）,B,FAN_eff,FAN_eff,10.0,10.0,40
210.0,220.0,214.987733,4.147041999999956,2832,1,10.0,20,high,high_fit_bins,2.472020979366737,2832,6.110887722429283,DING,丁（DING）,B,FAN_eff,FAN_eff,10.0,10.0,41
220.0,230.0,224.847698,4.597104000000002,2642,1,10.0,20,high,high_fit_bins,2.395642478854997,2642,5.739102886494515,DING,丁（DING）,B,FAN_eff,FAN_eff,10.0,10.0,42
230.0,240.0,235.573912,4.470069499999994,2426,1,10.0,20,high,high_fit_bins,2.5520979773436623,2426,6.513204085961612,DING,丁（DING）,B,FAN_eff,FAN_eff,10.0,10.0,43
240.0,250.0,244.48854699999998,5.168603500000003,2760,1,10.0,20,high,high_fit_bins,2.2022752890561024,2760,4.850016448787139,DING,丁（DING）,B,FAN_eff,FAN_eff,10.0,10.0,44
250.0,260.0,256.346889,5.835700999999943,3590,1,10.0,20,high,high_fit_bins,1.869491757120865,3590,3.494999429942859,DING,丁（DING）,B,FAN_eff,FAN_eff,10.0,10.0,45
260.0,270.0,264.41183700000005,6.112468999999976,3035,1,10.0,20,high,high_fit_bins,1.7486042655084906,3035,3.0576168773544876,DING,丁（DING）,B,FAN_eff,FAN_eff,10.0,10.0,46
270.0,280.0,275.808653,5.725952999999947,1839,1,10.0,20,high,high_fit_bins,1.9530853251729057,1839,3.8145422874057546,DING,丁（DING）,B,FAN_eff,FAN_eff,10.0,10.0,47
280.0,300.0,285.50317600000005,5.563598499999955,1622,2,10.0,20,high,high_fit_bins,1.18099477525438,1622,1.3947486591781433,DING,丁（DING）,B,FAN_eff,FAN_eff,10.0,10.0,48
0.0,10.0,4.7448683,3.3621856999999995,7703,1,10.0,20,high,high_fit_bins,0.44992874830587637,7703,0.20243587855209264,WU,戊（WU）,A,CT_eff,CT_eff,,10.0,1
10.0,20.0,14.739452,3.526631,6199,1,10.0,20,high,high_fit_bins,0.8922797309956743,6199,0.7961631183457129,WU,戊（WU）,A,CT_eff,CT_eff,,10.0,2
20.0,30.0,25.23616,3.655464000000002,5155,1,10.0,20,high,high_fit_bins,1.4581550893773645,5155,2.12621626467711,WU,戊（WU）,A,CT_eff,CT_eff,,10.0,3
30.0,40.0,34.865855999999994,3.909040000000001,6046,1,10.0,20,high,high_fit_bins,1.6490304042747517,6046,2.719301274222551,WU,戊（WU）,A,CT_eff,CT_eff,,10.0,4
40.0,50.0,44.7189255,4.178595000000005,5244,1,10.0,20,high,high_fit_bins,1.8324159697767284,5244,3.357748286292788,WU,戊（WU）,A,CT_eff,CT_eff,,10.0,5
50.0,60.0,55.05515,4.56568,4497,1,10.0,20,high,high_fit_bins,1.757646568232288,4497,3.089321458818739,WU,戊（WU）,A,CT_eff,CT_eff,,10.0,6
60.0,70.0,64.77565,4.779150000000001,4285,1,10.0,20,high,high_fit_bins,1.791568708402204,4285,3.2097184369259417,WU,戊（WU）,A,CT_eff,CT_eff,,10.0,7
70.0,80.0,74.95067,5.099060000000009,3939,1,10.0,20,high,high_fit_bins,1.9968759420214277,3939,3.9875135278239644,WU,戊（WU）,A,CT_eff,CT_eff,,10.0,8
80.0,90.0,85.17433500000001,5.673720100000004,3406,1,10.0,20,high,high_fit_bins,2.0829802363127863,3406,4.338806664869671,WU,戊（WU）,A,CT_eff,CT_eff,,10.0,9
90.0,100.0,94.71253999999999,5.885010000000001,3354,1,10.0,20,high,high_fit_bins,2.2851486797038554,3354,5.221904488352274,WU,戊（WU）,A,CT_eff,CT_eff,,10.0,10
100.0,110.0,104.95812,6.327749999999995,3027,1,10.0,20,high,high_fit_bins,2.5193185951902617,3027,6.346966184071434,WU,戊（WU）,A,CT_eff,CT_eff,,10.0,11
110.0,120.0,114.65242,6.560249999999996,2801,1,10.0,20,high,high_fit_bins,2.7243312709177507,2801,7.421980873700327,WU,戊（WU）,A,CT_eff,CT_eff,,10.0,12
120.0,130.0,124.97452,7.037720000000007,2413,1,10.0,20,high,high_fit_bins,3.433617043274616,2413,11.789725999865915,WU,戊（WU）,A,CT_eff,CT_eff,,10.0,13
130.0,140.0,134.8087,7.338339999999988,2193,1,10.0,20,high,high_fit_bins,3.196681620221057,2193,10.218773381059123,WU,戊（WU）,A,CT_eff,CT_eff,,10.0,14
140.0,150.0,145.0586,7.798670000000001,2024,1,10.0,20,high,high_fit_bins,3.2396517642689364,2024,10.495343553730832,WU,戊（WU）,A,CT_eff,CT_eff,,10.0,15
150.0,160.0,155.1719,8.329149999999998,2173,1,10.0,20,high,high_fit_bins,3.571496830422718,2173,12.75558960971952,WU,戊（WU）,A,CT_eff,CT_eff,,10.0,16
160.0,170.0,164.9919,8.89534999999998,2621,1,10.0,20,high,high_fit_bins,3.691039059584094,2621,13.623769339375434,WU,戊（WU）,A,CT_eff,CT_eff,,10.0,17
170.0,180.0,174.929,9.167430000000024,2475,1,10.0,20,high,high_fit_bins,4.175753531105618,2475,17.43691755254104,WU,戊（WU）,A,CT_eff,CT_eff,,10.0,18
180.0,190.0,185.107115,9.714849999999998,2300,1,10.0,20,high,high_fit_bins,4.361143986943588,2300,19.019576874854216,WU,戊（WU）,A,CT_eff,CT_eff,,10.0,19
190.0,200.0,194.881565,10.235714999999999,2398,1,10.0,20,high,high_fit_bins,3.744678944902422,2398,14.022620400395517,WU,戊（WU）,A,CT_eff,CT_eff,,10.0,20
200.0,210.0,204.932605,10.598359999999985,2214,1,10.0,20,high,high_fit_bins,3.905125639186518,2214,15.25000625783191,WU,戊（WU）,A,CT_eff,CT_eff,,10.0,21
210.0,220.0,214.81538,11.055699999999973,2245,1,10.0,20,high,high_fit_bins,3.834730634536713,2245,14.70515903945434,WU,戊（WU）,A,CT_eff,CT_eff,,10.0,22
220.0,230.0,225.49918,11.590180000000004,2109,1,10.0,20,high,high_fit_bins,3.8239777317384864,2109,14.62280569283182,WU,戊（WU）,A,CT_eff,CT_eff,,10.0,23
230.0,240.0,234.66002,12.441689999999994,1471,1,10.0,20,high,high_fit_bins,4.290196665813142,1471,18.405787431354202,WU,戊（WU）,A,CT_eff,CT_eff,,10.0,24
240.0,250.0,244.50043,12.76418000000001,1403,1,10.0,20,high,high_fit_bins,3.7785423294371703,1403,14.277382135348477,WU,戊（WU）,A,CT_eff,CT_eff,,10.0,25
250.0,260.0,255.28062999999997,13.884340000000023,1368,1,10.0,20,high,high_fit_bins,3.647039484002453,1368,13.30089699787288,WU,戊（WU）,A,CT_eff,CT_eff,,10.0,26
260.0,270.0,265.80329,14.940160249999991,2398,1,10.0,20,high,high_fit_bins,3.0119890055460115,2398,9.07207776953005,WU,戊（WU）,A,CT_eff,CT_eff,,10.0,27
270.0,280.0,275.78502000000003,15.465180000000004,3362,1,10.0,20,high,high_fit_bins,2.072780261365486,3362,4.296418011906372,WU,戊（WU）,A,CT_eff,CT_eff,,10.0,28
280.0,290.0,282.19237999999996,15.863235000000032,2484,1,10.0,20,high,high_fit_bins,1.2916672329704273,2484,1.6684042407294801,WU,戊（WU）,A,CT_eff,CT_eff,,10.0,29
290.0,300.0,291.209395,16.1498,1988,1,10.0,20,high,high_fit_bins,0.8012049502945578,1988,0.6419293723765049,WU,戊（WU）,A,CT_eff,CT_eff,,10.0,30
0.0,0.5,0.27414814,3.81584292,70,1,0.5,20,low,low_lookup,0.8361417828330978,71,0.6991330809993113,WU,戊（WU）,AP,CT_eff,CT_eff,9.5,10.0,1
0.5,1.0,0.8623848199999999,3.45767218,214,1,0.5,20,low,low_lookup,0.3256341924278,214,0.10603762727810548,WU,戊（WU）,AP,CT_eff,CT_eff,9.5,10.0,2
1.0,1.5,1.2370652,3.3735913999999996,476,1,0.5,20,low,low_lookup,0.3196660023643114,476,0.10218635306757995,WU,戊（WU）,AP,CT_eff,CT_eff,9.5,10.0,3
1.5,2.0,1.7461981,3.3563884,550,1,0.5,20,low,low_lookup,0.3404640417547374,550,0.11591576372797156,WU,戊（WU）,AP,CT_eff,CT_eff,9.5,10.0,4
2.0,2.5,2.2555227,3.3125740000000006,567,1,0.5,20,low,low_lookup,0.302956803796066,567,0.09178282496632802,WU,戊（WU）,AP,CT_eff,CT_eff,9.5,10.0,5
2.5,3.0,2.7312253,3.3383907000000006,471,1,0.5,20,low,low_lookup,0.34418021306350965,471,0.1184600190644429,WU,戊（WU）,AP,CT_eff,CT_eff,9.5,10.0,6
3.0,3.5,3.23664575,3.31498225,420,1,0.5,20,low,low_lookup,0.32117956198487735,420,0.10315631103679768,WU,戊（WU）,AP,CT_eff,CT_eff,9.5,10.0,7
3.5,4.0,3.742962,3.3246395999999994,423,1,0.5,20,low,low_lookup,0.33367896944085806,423,0.11134165464711308,WU,戊（WU）,AP,CT_eff,CT_eff,9.5,10.0,8
4.0,4.5,4.2364297,3.31015,446,1,0.5,20,low,low_lookup,0.3352314629614341,446,0.11238013375926335,WU,戊（WU）,AP,CT_eff,CT_eff,9.5,10.0,9
4.5,5.0,4.74501515,3.3062185,428,1,0.5,20,low,low_lookup,0.32423928747376174,428,0.10513111554149271,WU,戊（WU）,AP,CT_eff,CT_eff,9.5,10.0,10
5.0,5.5,5.245195750000001,3.29488445,340,1,0.5,20,low,low_lookup,0.4811366185282858,345,0.23149244568883323,WU,戊（WU）,AP,CT_eff,CT_eff,9.5,10.0,11
5.5,6.0,5.748328,3.302065700000001,315,1,0.5,20,low,low_lookup,0.5177797070111675,331,0.26809582499257045,WU,戊（WU）,AP,CT_eff,CT_eff,9.5,10.0,12
6.0,6.5,6.2152944,3.3053990000000004,267,1,0.5,20,low,low_lookup,0.5081588653598156,327,0.25822543244377516,WU,戊（WU）,AP,CT_eff,CT_eff,9.5,10.0,13
6.5,7.0,6.662753,3.0220675999999997,109,1,0.5,20,low,low_lookup,0.5468901262301322,348,0.29908881016801,WU,戊（WU）,AP,CT_eff,CT_eff,9.5,10.0,14
7.0,9.5,7.35166645,2.3930256500000002,56,5,0.5,20,low,low_lookup,0.6657208928152775,1920,0.44318430713077017,WU,戊（WU）,AP,CT_eff,CT_eff,9.5,10.0,15
0.0,10.0,8.361869,3.464428,2551,1,10.0,20,high,high_fit_bins,0.5045657338810564,7703,0.25458657980692906,WU,戊（WU）,AP,CT_eff,CT_eff,9.5,10.0,16
10.0,20.0,14.739452,3.526631,6199,1,10.0,20,high,high_fit_bins,0.8924112624278095,6199,0.7963978613079967,WU,戊（WU）,AP,CT_eff,CT_eff,9.5,10.0,17
20.0,30.0,25.23616,3.655464000000002,5155,1,10.0,20,high,high_fit_bins,1.4581550893773645,5155,2.12621626467711,WU,戊（WU）,AP,CT_eff,CT_eff,9.5,10.0,18
30.0,40.0,34.865855999999994,3.909040000000001,6046,1,10.0,20,high,high_fit_bins,1.6490304042747517,6046,2.719301274222551,WU,戊（WU）,AP,CT_eff,CT_eff,9.5,10.0,19
40.0,50.0,44.7189255,4.178595000000005,5244,1,10.0,20,high,high_fit_bins,1.8324159697767284,5244,3.357748286292788,WU,戊（WU）,AP,CT_eff,CT_eff,9.5,10.0,20
50.0,60.0,55.05515,4.56568,4497,1,10.0,20,high,high_fit_bins,1.757646568232288,4497,3.089321458818739,WU,戊（WU）,AP,CT_eff,CT_eff,9.5,10.0,21
60.0,70.0,64.77565,4.779150000000001,4285,1,10.0,20,high,high_fit_bins,1.791568708402204,4285,3.2097184369259417,WU,戊（WU）,AP,CT_eff,CT_eff,9.5,10.0,22
70.0,80.0,74.95067,5.099060000000009,3939,1,10.0,20,high,high_fit_bins,1.9968759420214277,3939,3.9875135278239644,WU,戊（WU）,AP,CT_eff,CT_eff,9.5,10.0,23
80.0,90.0,85.17433500000001,5.673720100000004,3406,1,10.0,20,high,high_fit_bins,2.0829802363127863,3406,4.338806664869671,WU,戊（WU）,AP,CT_eff,CT_eff,9.5,10.0,24
90.0,100.0,94.71253999999999,5.885010000000001,3354,1,10.0,20,high,high_fit_bins,2.2851486797038554,3354,5.221904488352274,WU,戊（WU）,AP,CT_eff,CT_eff,9.5,10.0,25
100.0,110.0,104.95812,6.327749999999995,3027,1,10.0,20,high,high_fit_bins,2.5193185951902617,3027,6.346966184071434,WU,戊（WU）,AP,CT_eff,CT_eff,9.5,10.0,26
110.0,120.0,114.65242,6.560249999999996,2801,1,10.0,20,high,high_fit_bins,2.7243312709177507,2801,7.421980873700327,WU,戊（WU）,AP,CT_eff,CT_eff,9.5,10.0,27
120.0,130.0,124.97452,7.037720000000007,2413,1,10.0,20,high,high_fit_bins,3.433617043274616,2413,11.789725999865915,WU,戊（WU）,AP,CT_eff,CT_eff,9.5,10.0,28
130.0,140.0,134.8087,7.338339999999988,2193,1,10.0,20,high,high_fit_bins,3.196681620221057,2193,10.218773381059123,WU,戊（WU）,AP,CT_eff,CT_eff,9.5,10.0,29
140.0,150.0,145.0586,7.798670000000001,2024,1,10.0,20,high,high_fit_bins,3.2396517642689364,2024,10.495343553730832,WU,戊（WU）,AP,CT_eff,CT_eff,9.5,10.0,30
150.0,160.0,155.1719,8.329149999999998,2173,1,10.0,20,high,high_fit_bins,3.571496830422718,2173,12.75558960971952,WU,戊（WU）,AP,CT_eff,CT_eff,9.5,10.0,31
160.0,170.0,164.9919,8.89534999999998,2621,1,10.0,20,high,high_fit_bins,3.691039059584094,2621,13.623769339375434,WU,戊（WU）,AP,CT_eff,CT_eff,9.5,10.0,32
170.0,180.0,174.929,9.167430000000024,2475,1,10.0,20,high,high_fit_bins,4.175753531105618,2475,17.43691755254104,WU,戊（WU）,AP,CT_eff,CT_eff,9.5,10.0,33
180.0,190.0,185.107115,9.714849999999998,2300,1,10.0,20,high,high_fit_bins,4.361143986943588,2300,19.019576874854216,WU,戊（WU）,AP,CT_eff,CT_eff,9.5,10.0,34
190.0,200.0,194.881565,10.235714999999999,2398,1,10.0,20,high,high_fit_bins,3.744678944902422,2398,14.022620400395517,WU,戊（WU）,AP,CT_eff,CT_eff,9.5,10.0,35
200.0,210.0,204.932605,10.598359999999985,2214,1,10.0,20,high,high_fit_bins,3.905125639186518,2214,15.25000625783191,WU,戊（WU）,AP,CT_eff,CT_eff,9.5,10.0,36
210.0,220.0,214.81538,11.055699999999973,2245,1,10.0,20,high,high_fit_bins,3.834730634536713,2245,14.70515903945434,WU,戊（WU）,AP,CT_eff,CT_eff,9.5,10.0,37
220.0,230.0,225.49918,11.590180000000004,2109,1,10.0,20,high,high_fit_bins,3.8239777317384864,2109,14.62280569283182,WU,戊（WU）,AP,CT_eff,CT_eff,9.5,10.0,38
230.0,240.0,234.66002,12.441689999999994,1471,1,10.0,20,high,high_fit_bins,4.290196665813142,1471,18.405787431354202,WU,戊（WU）,AP,CT_eff,CT_eff,9.5,10.0,39
240.0,250.0,244.50043,12.76418000000001,1403,1,10.0,20,high,high_fit_bins,3.7785423294371703,1403,14.277382135348477,WU,戊（WU）,AP,CT_eff,CT_eff,9.5,10.0,40
250.0,260.0,255.28062999999997,13.884340000000023,1368,1,10.0,20,high,high_fit_bins,3.647039484002453,1368,13.30089699787288,WU,戊（WU）,AP,CT_eff,CT_eff,9.5,10.0,41
260.0,270.0,265.80329,14.940160249999991,2398,1,10.0,20,high,high_fit_bins,3.0119890055460115,2398,9.07207776953005,WU,戊（WU）,AP,CT_eff,CT_eff,9.5,10.0,42
270.0,280.0,275.78502000000003,15.465180000000004,3362,1,10.0,20,high,high_fit_bins,2.072780261365486,3362,4.296418011906372,WU,戊（WU）,AP,CT_eff,CT_eff,9.5,10.0,43
280.0,290.0,282.19237999999996,15.863235000000032,2484,1,10.0,20,high,high_fit_bins,1.2916672329704273,2484,1.6684042407294801,WU,戊（WU）,AP,CT_eff,CT_eff,9.5,10.0,44
290.0,300.0,291.209395,16.1498,1988,1,10.0,20,high,high_fit_bins,0.8012049502945578,1988,0.6419293723765049,WU,戊（WU）,AP,CT_eff,CT_eff,9.5,10.0,45
0.0,0.5,0.159,0.159,3554,1,0.5,20,low,low_lookup,0.052867016355776106,3554,0.002794921418361898,WU,戊（WU）,B,FAN_eff,FAN_eff,10.0,10.0,1
0.5,1.0,0.699,0.699,1513,1,0.5,20,low,low_lookup,0.0,1513,0.0,WU,戊（WU）,B,FAN_eff,FAN_eff,10.0,10.0,2
1.0,1.5,1.2325,1.2325,814,1,0.5,20,low,low_lookup,0.0,814,0.0,WU,戊（WU）,B,FAN_eff,FAN_eff,10.0,10.0,3
1.5,2.0,1.7349999999999999,1.7349999999999999,614,1,0.5,20,low,low_lookup,0.0,614,0.0,WU,戊（WU）,B,FAN_eff,FAN_eff,10.0,10.0,4
2.0,2.5,2.255,2.255,508,1,0.5,20,low,low_lookup,0.0,508,0.0,WU,戊（WU）,B,FAN_eff,FAN_eff,10.0,10.0,5
2.5,3.0,2.761,2.761,498,1,0.5,20,low,low_lookup,0.04485020460956018,498,0.002011540853519413,WU,戊（WU）,B,FAN_eff,FAN_eff,10.0,10.0,6
3.0,3.5,3.24855,3.24855,644,1,0.5,20,low,low_lookup,0.05695925330585992,644,0.0032443565371611145,WU,戊（WU）,B,FAN_eff,FAN_eff,10.0,10.0,7
3.5,4.0,3.74,3.676,587,1,0.5,20,low,low_lookup,0.22079190227602685,587,0.04874906411066659,WU,戊（WU）,B,FAN_eff,FAN_eff,10.0,10.0,8
4.0,4.5,4.241,3.4916091299999996,456,1,0.5,20,low,low_lookup,0.45523387031870366,456,0.2072378766853463,WU,戊（WU）,B,FAN_eff,FAN_eff,10.0,10.0,9
4.5,5.0,4.757,3.367241,515,1,0.5,20,low,low_lookup,0.30877686675661997,515,0.09534315344403545,WU,戊（WU）,B,FAN_eff,FAN_eff,10.0,10.0,10
5.0,5.5,5.2645,3.3413756,554,1,0.5,20,low,low_lookup,0.29144358859474145,554,0.08493936533298091,WU,戊（WU）,B,FAN_eff,FAN_eff,10.0,10.0,11
5.5,6.0,5.711,3.314038,533,1,0.5,20,low,low_lookup,0.3588565204250494,533,0.1287780022515739,WU,戊（WU）,B,FAN_eff,FAN_eff,10.0,10.0,12
6.0,6.5,6.230899999999999,3.3395644000000004,489,1,0.5,20,low,low_lookup,0.3790208259701409,489,0.14365678651908784,WU,戊（WU）,B,FAN_eff,FAN_eff,10.0,10.0,13
6.5,7.0,6.7379999999999995,3.3300928,414,1,0.5,20,low,low_lookup,0.3796345548091689,414,0.14412239520515588,WU,戊（WU）,B,FAN_eff,FAN_eff,10.0,10.0,14
7.0,7.5,7.252,3.318662,465,1,0.5,20,low,low_lookup,0.3567226433804337,465,0.12725104430032408,WU,戊（WU）,B,FAN_eff,FAN_eff,10.0,10.0,15
7.5,8.0,7.72,3.30572635,454,1,0.5,20,low,low_lookup,0.4128769073762,454,0.17046734064453523,WU,戊（WU）,B,FAN_eff,FAN_eff,10.0,10.0,16
8.0,8.5,8.219,3.300039000000001,421,1,0.5,20,low,low_lookup,0.38141514773279633,421,0.14547751492003086,WU,戊（WU）,B,FAN_eff,FAN_eff,10.0,10.0,17
8.5,9.0,8.721,3.3342282999999995,297,1,0.5,20,low,low_lookup,0.4380940495419884,297,0.19192639624409819,WU,戊（WU）,B,FAN_eff,FAN_eff,10.0,10.0,18
9.0,9.5,9.253,3.3010146499999995,314,1,0.5,20,low,low_lookup,0.5316773395235654,314,0.2826807933628567,WU,戊（WU）,B,FAN_eff,FAN_eff,10.0,10.0,19
9.5,10.0,9.756,3.3627516999999996,320,1,0.5,20,low,low_lookup,0.5300335831235294,320,0.2809355992387674,WU,戊（WU）,B,FAN_eff,FAN_eff,10.0,10.0,20
10.0,20.0,14.541,3.4564769999999996,6747,1,10.0,20,high,high_fit_bins,0.6813787323272696,6747,0.46427697686791697,WU,戊（WU）,B,FAN_eff,FAN_eff,10.0,10.0,21
20.0,30.0,24.566499999999998,3.5308290000000007,5132,1,10.0,20,high,high_fit_bins,1.2490173943607257,5132,1.5600444514156566,WU,戊（WU）,B,FAN_eff,FAN_eff,10.0,10.0,22
30.0,40.0,35.154,3.7827230000000043,5721,1,10.0,20,high,high_fit_bins,1.5533229872624301,5721,2.41281230275788,WU,戊（WU）,B,FAN_eff,FAN_eff,10.0,10.0,23
40.0,50.0,44.8171,4.12256,5503,1,10.0,20,high,high_fit_bins,1.6154948007275398,5503,2.6098234511777134,WU,戊（WU）,B,FAN_eff,FAN_eff,10.0,10.0,24
50.0,60.0,54.71795,4.420164,4488,1,10.0,20,high,high_fit_bins,1.6963264659199606,4488,2.8775234789805033,WU,戊（WU）,B,FAN_eff,FAN_eff,10.0,10.0,25
60.0,70.0,64.9201,4.664610000000003,4431,1,10.0,20,high,high_fit_bins,1.6862665192085078,4431,2.843494773803577,WU,戊（WU）,B,FAN_eff,FAN_eff,10.0,10.0,26
70.0,80.0,75.04220000000001,4.9313398999999976,3949,1,10.0,20,high,high_fit_bins,1.8750169997960087,3949,3.5156887495240254,WU,戊（WU）,B,FAN_eff,FAN_eff,10.0,10.0,27
80.0,90.0,84.647,5.393219999999985,3379,1,10.0,20,high,high_fit_bins,1.9312136691574218,3379,3.729586235940472,WU,戊（WU）,B,FAN_eff,FAN_eff,10.0,10.0,28
90.0,100.0,95.0651,5.732190000000003,3445,1,10.0,20,high,high_fit_bins,2.100037165316435,3445,4.410156095710288,WU,戊（WU）,B,FAN_eff,FAN_eff,10.0,10.0,29
100.0,110.0,104.847,6.121124000000009,3031,1,10.0,20,high,high_fit_bins,2.460326846883865,3031,6.053208193497501,WU,戊（WU）,B,FAN_eff,FAN_eff,10.0,10.0,30
110.0,120.0,115.11155,6.428184999999999,2914,1,10.0,20,high,high_fit_bins,2.4614760998343934,2914,6.058864590055936,WU,戊（WU）,B,FAN_eff,FAN_eff,10.0,10.0,31
120.0,130.0,124.7279,6.825616000000011,2467,1,10.0,20,high,high_fit_bins,2.637146818465984,2467,6.954543342145261,WU,戊（WU）,B,FAN_eff,FAN_eff,10.0,10.0,32
130.0,140.0,134.772,7.084044999999982,2286,1,10.0,20,high,high_fit_bins,2.8824917262792797,2286,8.308758552068502,WU,戊（WU）,B,FAN_eff,FAN_eff,10.0,10.0,33
140.0,150.0,144.744,7.5316899999999976,2051,1,10.0,20,high,high_fit_bins,3.0504385661367803,2051,9.305175445774616,WU,戊（WU）,B,FAN_eff,FAN_eff,10.0,10.0,34
150.0,160.0,155.15955,7.787255000000002,1950,1,10.0,20,high,high_fit_bins,3.169914921032941,1950,10.048360606587275,WU,戊（WU）,B,FAN_eff,FAN_eff,10.0,10.0,35
160.0,170.0,165.10784999999998,8.169624999999996,2150,1,10.0,20,high,high_fit_bins,3.3208691921026046,2150,11.028172191056205,WU,戊（WU）,B,FAN_eff,FAN_eff,10.0,10.0,36
170.0,180.0,175.06310000000002,8.933390000000003,2488,1,10.0,20,high,high_fit_bins,3.523469833755903,2488,12.41483966938785,WU,戊（WU）,B,FAN_eff,FAN_eff,10.0,10.0,37
180.0,190.0,184.6781,9.344940000000008,2285,1,10.0,20,high,high_fit_bins,3.5881367482173494,2285,12.874725323907775,WU,戊（WU）,B,FAN_eff,FAN_eff,10.0,10.0,38
190.0,200.0,195.0509,9.721780000000024,2221,1,10.0,20,high,high_fit_bins,3.6232496738822095,2221,13.127938199287538,WU,戊（WU）,B,FAN_eff,FAN_eff,10.0,10.0,39
200.0,210.0,204.8479,10.264409799999981,2285,1,10.0,20,high,high_fit_bins,3.473474371804423,2285,12.065024211582132,WU,戊（WU）,B,FAN_eff,FAN_eff,10.0,10.0,40
210.0,220.0,214.601,10.591544999999996,2136,1,10.0,20,high,high_fit_bins,4.038459884715883,2136,16.309158240459425,WU,戊（WU）,B,FAN_eff,FAN_eff,10.0,10.0,41
220.0,230.0,224.571,11.03992500000001,2130,1,10.0,20,high,high_fit_bins,3.508414608810333,2130,12.308973067313762,WU,戊（WU）,B,FAN_eff,FAN_eff,10.0,10.0,42
230.0,240.0,235.341,11.496280000000013,2019,1,10.0,20,high,high_fit_bins,3.691079345454713,2019,13.624066734442392,WU,戊（WU）,B,FAN_eff,FAN_eff,10.0,10.0,43
240.0,250.0,244.35865,12.518945000000002,1524,1,10.0,20,high,high_fit_bins,4.200073522709042,1524,17.64061759616154,WU,戊（WU）,B,FAN_eff,FAN_eff,10.0,10.0,44
250.0,260.0,255.06740000000002,12.81166499999999,1414,1,10.0,20,high,high_fit_bins,3.841368821894063,1414,14.756114425819783,WU,戊（WU）,B,FAN_eff,FAN_eff,10.0,10.0,45
260.0,270.0,265.1893,13.50721999999999,1173,1,10.0,20,high,high_fit_bins,4.347350455178814,1173,18.899455980143443,WU,戊（WU）,B,FAN_eff,FAN_eff,10.0,10.0,46
270.0,280.0,275.875,14.436380000000042,1675,1,10.0,20,high,high_fit_bins,3.3765338602677577,1675,11.400980909534686,WU,戊（WU）,B,FAN_eff,FAN_eff,10.0,10.0,47
280.0,290.0,285.0539,15.05361984999999,2564,1,10.0,20,high,high_fit_bins,2.5211590869527867,2564,6.356243141724609,WU,戊（WU）,B,FAN_eff,FAN_eff,10.0,10.0,48
290.0,300.0,294.7748,15.74980000000005,3669,1,10.0,20,high,high_fit_bins,2.0385092688928816,3669,4.155520039362191,WU,戊（WU）,B,FAN_eff,FAN_eff,10.0,10.0,49
300.0,320.0,306.9733,16.22044999999997,2916,2,10.0,20,high,high_fit_bins,1.0114421947851056,2916,1.0230153133917115,WU,戊（WU）,B,FAN_eff,FAN_eff,10.0,10.0,50
